issue_title,issue_date,url,pdf_url,crawl_date
Spring 2022,2022-03-31,https://ifanca.org/magazines/spring-2022/,https://ifanca.org/app/uploads/2022/05/HC_60_DIGITAL.pdf,2026-10-03
Fall 2019,2019-09-30,https://ifanca.org/magazines/fall-2019/,https://ifanca.org/app/uploads/2022/06/HC_50_digital.pdf,2026-10-03
Summer 2019,2019-06-30,https://ifanca.org/magazines/summer-2019/,https://ifanca.org/app/uploads/2022/06/HC_49_v2.pdf,2026-10-03
Spring 2019,2019-03-31,https://ifanca.org/magazines/spring-2019/,https://ifanca.org/app/uploads/2022/06/HC_48_digital.pdf,2026-10-03
Winter 2018,2018-12-31,https://ifanca.org/magazines/winter-2018/,https://ifanca.org/app/uploads/2022/06/HC_47_digital.pdf,2026-10-03
Fall 2018,2018-09-30,https://ifanca.org/magazines/fall-2018/,https://ifanca.org/app/uploads/2022/06/HC_46_digital.pdf,2026-10-03
Summer 2018,2018-06-30,https://ifanca.org/magazines/summer-2018/,https://ifanca.org/app/uploads/2022/06/HC_45_digital.pdf,2026-10-03
Spring 2018,2018-03-31,https://ifanca.org/magazines/spring-2018/,https://ifanca.org/app/uploads/2022/06/HC_44_dig.pdf,2026-10-03
Winter 2017,2017-12-31,https://ifanca.org/magazines/winter-2017/,https://ifanca.org/app/uploads/2022/06/HC_43_digital.pdf,2026-10-03
Summer 2017,2017-06-30,https://ifanca.org/magazines/summer-2017/,https://ifanca.org/app/uploads/2017/06/HC_41_digital.pdf,2026-10-03
Spring 2017,2017-03-31,https://ifanca.org/magazines/spring-2017/,https://ifanca.org/app/uploads/2017/03/HC_40_digital.pdf,2026-10-03
Fall 2016,2016-09-30,https://ifanca.org/magazines/fall-2016/,https://ifanca.org/app/uploads/2022/06/HC_38_dig.pdf,2026-10-03
Winter 2021,2021-12-31,https://ifanca.org/magazines/winter-2021/,https://ifanca.org/app/uploads/2022/05/HC_59_pdf.pdf,2026-10-03
Fall 2020,2020-09-30,https://ifanca.org/magazines/fall-2020/,https://ifanca.org/app/uploads/2022/06/HC_54_digital.pdf,2026-10-03
Spring 2020,2020-03-31,https://ifanca.org/magazines/spring-2020/,https://ifanca.org/app/uploads/2022/06/HC_52_digital.pdf,2026-10-03
Winter 2019,2019-12-31,https://ifanca.org/magazines/winter-2019/,https://ifanca.org/app/uploads/2022/06/HC_51_digital.pdf,2026-10-03
Spring 2016,2016-03-31,https://ifanca.org/magazines/spring-2016/,https://ifanca.org/app/uploads/2022/06/HC_36_digital.pdf,2026-10-03
Winter 2015,2015-12-31,https://ifanca.org/magazines/winter-2015/,https://ifanca.org/app/uploads/2015/12/HC35_digital.pdf,2026-10-03
Summer 2015,2015-06-30,https://ifanca.org/magazines/summer-2015/,https://ifanca.org/app/uploads/2015/06/HC33_digital.pdf,2026-10-03
Spring 2015,2015-03-31,https://ifanca.org/magazines/spring-2015/,https://ifanca.org/app/uploads/2015/03/HC32_DIGITAL.pdf,2026-10-03
Winter 2014,2014-12-31,https://ifanca.org/magazines/winter-2014/,https://ifanca.org/app/uploads/2014/12/HC31_digital.pdf,2026-10-03
Fall 2015,2015-09-30,https://ifanca.org/magazines/fall-2015/,https://ifanca.org/app/uploads/2015/09/hc_34.pdf,2026-10-03
Fall 2014,2014-09-30,https://ifanca.org/magazines/fall-2014/,https://ifanca.org/app/uploads/2014/09/hc_30.pdf,2026-10-03
Spring 2014,2014-03-31,https://ifanca.org/magazines/spring-2014/,https://ifanca.org/app/uploads/2022/07/hc_28.pdf,2026-10-03
Summer 2014,2014-06-30,https://ifanca.org/magazines/summer-2014/,https://ifanca.org/app/uploads/2022/07/hc_29.pdf,2026-10-03
Fall 2013,2013-09-30,https://ifanca.org/magazines/fall-2013/,https://ifanca.org/app/uploads/2013/09/hc_26.pdf,2026-10-03
Summer 2013,2013-06-30,https://ifanca.org/magazines/summer-2013/,https://ifanca.org/app/uploads/2022/07/hc_25.pdf,2026-10-03
Spring 2013,2013-03-31,https://ifanca.org/magazines/spring-2013/,https://ifanca.org/app/uploads/2013/03/hc_24.pdf,2026-10-03
Summer 2022,2022-06-30,https://ifanca.org/magazines/summer-2022/,https://ifanca.org/app/uploads/2022/08/HC_61_digital.pdf,2026-10-03
Fall 2012,2012-09-30,https://ifanca.org/magazines/fall-2012/,https://ifanca.org/app/uploads/2022/08/hc_22.pdf,2026-10-03
Summer 2012,2012-06-30,https://ifanca.org/magazines/summer-2012/,https://ifanca.org/app/uploads/2012/06/Issue-21-Summer-2012.pdf,2026-10-03
Spring 2012,2012-03-31,https://ifanca.org/magazines/spring-2012/,https://ifanca.org/app/uploads/2022/08/hc_20.pdf,2026-10-03
Fall 2010,2010-09-30,https://ifanca.org/magazines/fall-2010/,https://ifanca.org/app/uploads/2022/08/hc_18.pdf,2026-10-03
Winter 2008,2008-12-31,https://ifanca.org/magazines/winter-2008/,https://ifanca.org/app/uploads/2008/12/hc_15.pdf,2026-10-03
Summer 2008,2008-06-30,https://ifanca.org/magazines/summer-2008/,https://ifanca.org/app/uploads/2008/06/Issue-14-Summer-2008.pdf,2026-10-03
Winter 2007,2007-12-31,https://ifanca.org/magazines/winter-2007/,https://ifanca.org/app/uploads/2007/12/hc_13.pdf,2026-10-03
Summer 2007,2007-06-30,https://ifanca.org/magazines/summer-2007/,https://ifanca.org/app/uploads/2022/08/Issue-12-Summer-2007.pdf,2026-10-03
Spring 2007,2007-03-31,https://ifanca.org/magazines/spring-2007/,https://ifanca.org/app/uploads/2022/08/Issue-11-Spring-2007.pdf,2026-10-03
Fall 2006,2006-09-30,https://ifanca.org/magazines/fall-2006/,https://ifanca.org/app/uploads/2022/08/Issue-10-Fall-2006.pdf,2026-10-03
Spring 2006,2006-03-31,https://ifanca.org/magazines/spring-2006/,https://ifanca.org/app/uploads/2022/09/Issue-9-Spring-2006.pdf,2026-10-03
Summer 2005,2005-06-30,https://ifanca.org/magazines/summer-2005/,https://ifanca.org/app/uploads/2022/09/Issue-8-Summer-2005.pdf,2026-10-03
Fall 2004,2004-09-30,https://ifanca.org/magazines/fall-2004/,https://ifanca.org/app/uploads/2022/09/Issue-7-Fall-2004.pdf,2026-10-03
Fall 2003,2003-09-30,https://ifanca.org/magazines/fall-2003/,https://ifanca.org/app/uploads/2022/09/Issue-6-Fall-2003.pdf,2026-10-03
Spring 2003,2003-03-31,https://ifanca.org/magazines/spring-2003/,https://ifanca.org/app/uploads/2022/09/Issue-5-Spring-2003.pdf,2026-10-03
Fall 2002,2002-09-30,https://ifanca.org/magazines/fall-2002/,https://ifanca.org/app/uploads/2022/09/Issue-4-Fall-2002.pdf,2026-10-03
Spring 2002,2002-03-31,https://ifanca.org/magazines/spring-2002/,https://ifanca.org/app/uploads/2022/09/Issue-3-Spring-2002.pdf,2026-10-03
Fall 2001,2001-09-30,https://ifanca.org/magazines/fall-2001/,https://ifanca.org/app/uploads/2022/09/Issue-2-Fall-2001.pdf,2026-10-03
Spring 2010,2010-03-31,https://ifanca.org/magazines/spring-2010/,https://ifanca.org/app/uploads/2022/08/hc_17.pdf,2026-10-03
Fall 2000,2000-09-30,https://ifanca.org/magazines/fall-2000/,https://ifanca.org/app/uploads/2022/09/Issue-1-Fall-2000.pdf,2026-10-03
Summer 2009,2009-06-30,https://ifanca.org/magazines/summer-2009/,https://ifanca.org/app/uploads/2009/06/Issue-16-Summer-2009.pdf,2026-10-03
Spring 2011,2011-03-31,https://ifanca.org/magazines/spring-2011/,https://ifanca.org/app/uploads/2022/08/Issue-19-Spring-2011.pdf,2026-10-03
Winter 2012,2012-12-31,https://ifanca.org/magazines/winter-2012/,https://ifanca.org/app/uploads/2022/08/hc_23.pdf,2026-10-03
Winter 2013,2013-12-31,https://ifanca.org/magazines/winter-2013/,https://ifanca.org/app/uploads/2013/12/hc_27.pdf,2026-10-03
Summer 2016,2016-06-30,https://ifanca.org/magazines/summer-2016/,https://ifanca.org/app/uploads/2022/06/HC_37_digital.pdf,2026-10-03
Winter 2016,2016-12-31,https://ifanca.org/magazines/winter-2016/,https://ifanca.org/app/uploads/2022/06/HC_39_digital.pdf,2026-10-03
Fall 2017,2017-09-30,https://ifanca.org/magazines/fall-2017/,https://ifanca.org/app/uploads/2017/09/HC_42_digital.pdf,2026-10-03
Summer 2021,2021-06-30,https://ifanca.org/magazines/summer-2021/,https://ifanca.org/app/uploads/2021/06/HC_57_digital_final.pdf,2026-10-03
Winter 2020,2020-12-31,https://ifanca.org/magazines/winter-2020/,https://ifanca.org/app/uploads/2022/06/HC_55_digital_updated.pdf,2026-10-03
Spring 2021,2021-03-31,https://ifanca.org/magazines/spring-2021/,https://ifanca.org/app/uploads/2022/04/HC_56_digital_final.pdf,2026-10-03
Fall 2021,2021-09-30,https://ifanca.org/magazines/fall-2021/,https://ifanca.org/app/uploads/2021/09/HC_58_digital_FINAL.pdf,2026-10-03
Summer 2020,2020-06-30,https://ifanca.org/magazines/summer-2020/,https://ifanca.org/app/uploads/2022/06/HC_53_digital_withlink.pdf,2026-10-03
Fall 2022,2022-09-30,https://ifanca.org/magazines/fall-2022/,https://ifanca.org/app/uploads/2022/09/HC_62_digital_FINAL.pdf,2026-10-03
Winter 2022,2022-12-31,https://ifanca.org/magazines/winter-2022/,https://ifanca.org/app/uploads/2023/01/HC_63_digital.pdf,2026-10-03
Spring 2023,2023-03-31,https://ifanca.org/magazines/spring-2023/,https://ifanca.org/app/uploads/2023/06/HC_64_digital_FINAL.pdf,2026-10-03
Summer 2023,2023-06-01,https://ifanca.org/magazines/summer-2023/,https://ifanca.org/app/uploads/2023/06/HC_65_digital.pdf,2026-10-03
Fall 2023,2023-09-30,https://ifanca.org/magazines/fall-2023/,https://ifanca.org/app/uploads/2023/11/HC_66_digital.pdf,2026-10-03
Winter 2023,2024-09-18,https://ifanca.org/magazines/winter-2023/,https://ifanca.org/app/uploads/2024/09/HC_67_Digital.pdf,2026-10-03
Spring 2024,2024-04-01,https://ifanca.org/magazines/spring-2024/,https://ifanca.org/app/uploads/2024/03/HC_68_digital-final-pdf-1.pdf,2026-10-03
Summer 2024,2024-06-30,https://ifanca.org/magazines/summer-2024/,https://ifanca.org/app/uploads/2024/11/HC_69_digital.pdf,2026-10-03
Fall 2024,2024-09-30,https://ifanca.org/magazines/fall-2024/,https://ifanca.org/app/uploads/2024/11/HC_70_digital.pdf,2026-10-03
Winter 2024,2024-12-31,https://ifanca.org/magazines/winter-2024/,https://ifanca.org/app/uploads/2024/12/HC_71_digital.pdf,2026-10-03
Spring 2025,2025-09-23,https://ifanca.org/magazines/spring-2025/,https://ifanca.org/app/uploads/2025/09/HC_72_fin.pdf,2026-10-03
Winter 2025,2025-12-11,https://ifanca.org/magazines/winter-2025/,https://ifanca.org/app/uploads/2025/12/HC_73_Digital.pdf,2026-10-03
Spring 2026,2026-03-31,https://ifanca.org/magazines/spring-2026/,https://ifanca.org/app/uploads/2026/05/HC_74_digital.pdf,2026-10-03
Summer 2026,2026-06-30,https://ifanca.org/magazines/summer-2026/,https://ifanca.org/app/uploads/2026/06/HC_75_digital.pdf,2026-10-03
