title,url,type,topic,date,crawl_date,selection_basis
Halal Explained: From Food Fundamentals to Certiﬁcation,https://ifanca.org/resources/halal-explained-from-food-fundamentals-to-certi%ef%ac%81cation/,Article,Resources,"March 31, 2025",2026-10-04,"Title reads as consumer guidance about halal status, ingredients, or labels. Selected by title only, body not reviewed."
Halal or Not? Decoding Ambiguous Ingredients,https://ifanca.org/resources/halal-or-not-decoding-ambiguous-ingredients/,Article,Resources,"March 31, 2024",2026-10-04,"Title reads as consumer guidance about halal status, ingredients, or labels. Selected by title only, body not reviewed."
Zabihah vs. Halal: Is “Halal” Not Enough?,https://ifanca.org/resources/zabihah-vs-halal-is-halal-not-enough/,Article,Resources,"December 4, 2025",2026-10-04,"Title reads as consumer guidance about halal status, ingredients, or labels. Selected by title only, body not reviewed."
Halal Shopper’s Guide to Ingredients,https://ifanca.org/resources/halal-shoppers-guide-to-ingredients/,Guide,Ingredients,"September 21, 2011",2026-10-04,"Title reads as consumer guidance about halal status, ingredients, or labels. Selected by title only, body not reviewed."
Halal Shopper’s Quick Reference Guide to Products,https://ifanca.org/resources/halal-shoppers-quick-reference-guide-to-products/,Guide,,"April 25, 2012",2026-10-04,"Title reads as consumer guidance about halal status, ingredients, or labels. Selected by title only, body not reviewed."
E-Numbers: What Should Muslim Consumers Know?,https://ifanca.org/resources/e-numbers-what-should-muslim-consumers-know/,Article,,"June 30, 2009",2026-10-04,"Title reads as consumer guidance about halal status, ingredients, or labels. Selected by title only, body not reviewed."
Is Vinegar Halal?,https://ifanca.org/resources/is-vinegar-halal/,Article,,"December 31, 2008",2026-10-04,"Title reads as consumer guidance about halal status, ingredients, or labels. Selected by title only, body not reviewed."
Does Water Need to Be Halal-Certified?,https://ifanca.org/resources/does-water-need-to-be-halal-certified/,Article,,"June 30, 2008",2026-10-04,"Title reads as consumer guidance about halal status, ingredients, or labels. Selected by title only, body not reviewed."
"Chocolate Liquor, Root Beer, Cooking Wine and Non-Alcoholic Beer—Are they Halal?",https://ifanca.org/resources/chocolate-liquor-root-beer-cooking-wine-and-non-alcoholic-beer-are-they-halal/,Article,,"June 30, 2007",2026-10-04,"Title reads as consumer guidance about halal status, ingredients, or labels. Selected by title only, body not reviewed."
Gelatin Traceability: From Slaughterhouse to Capsule,https://ifanca.org/resources/gelatin-traceability-from-slaughterhouse-to-capsule/,Article,Resources,"June 30, 2026",2026-10-04,"Title reads as consumer guidance about halal status, ingredients, or labels. Selected by title only, body not reviewed."
