claim_id,pillar,audience,score,reason,supporting_urls,source_text,crawl_date
C01,"certification, education, institutions",general,weak,Certification is well covered. Education is a large but unsorted library. Institutions work is reachable only through the footer Sitemap page.,https://ifanca.org/certification-process/ https://ifanca.org/halal-certified-products/ https://ifanca.org/resources/ https://ifanca.org/beyond-certification/ https://ifanca.org/sitemap/,"IFANCA is an organization dedicated to promoting halal through certification, education, and the creation and support of institutions.",2026-10-04
C02,certification,industry,strong,"Five-step process page with application form, and 11,642 certified products listed.",https://ifanca.org/certification-process/ https://ifanca.org/halal-certified-products/,We help companies create halal products that consumers can trust,2026-10-04
C03,certification,consumer,weak,No page shows the Crescent-M mark or explains how to read or verify it on a package. Product cards do not show it.,https://ifanca.org/halal-certified-products/ https://ifanca.org/news/,our trademark Crescent-M logo means one thing: “This is halal.”,2026-10-04
C04,certification,industry,strong,"Process page describes application, technical review, on-site audit, and committee decision.",https://ifanca.org/certification-process/ https://ifanca.org/certification-process-indonesia/,Halal certification is provided by IFANCA to ensure compliance with the halal requirements.,2026-10-04
C05,certification,general,weak,Accreditations page supports global reach. Nothing on the site supports leadership beyond the statement.,https://ifanca.org/accreditations-and-recognitions/,IFANCA is a global leader in halal certification.,2026-10-04
C06,certification,general,weak,History is only in old resource articles deep in a 93-page list. They give founding as 1980 and registration as 1982.,https://ifanca.org/resources/25th-year-anniversary-ifanca-in-historic-perspective/ https://ifanca.org/resources/ifanca-and-halal-how-it-all-began/,"Since 1982, we have worked to promote halal.",2026-10-04
C07,certification,industry,strong,"Accreditations list, FAQ on certification schemes, and an Indonesia page that maps the process to SJPH.",https://ifanca.org/accreditations-and-recognitions/ https://ifanca.org/faqs/ https://ifanca.org/certification-process-indonesia/,We understand global halal standards and requirements and have optimized the halal certification process.,2026-10-04
C08,certification,industry,weak,"Five steps and fee ranges (FAQ) are shown. No timeline, effort, or comparison supports efficient or easily implemented.",https://ifanca.org/certification-process/ https://ifanca.org/faqs/,"Our process is simple, cost effective and efficient, and easily implemented.",2026-10-04
C09,certification,industry,strong,"Accreditations page lists 6 accreditation bodies and 10 recognitions, reachable from the main menu.",https://ifanca.org/accreditations-and-recognitions/,Globally recognized and accepted,2026-10-04
C10,certification,general,weak,"Product volume implies industry trust. No consumer evidence, testimonials, or client list beyond a China-only company table.",https://ifanca.org/halal-certified-products/ https://ifanca.org/certified-companies/,Trusted by industry and consumers,2026-10-04
C11,"certification, education",industry,weak,No page describes a training offer. Only dated news items mention workshops (2012).,https://ifanca.org/news/,Halal education & training for our client partners,2026-10-04
C12,certification,consumer,weak,"Product list works, but all five homepage category tiles open the unfiltered list.",https://ifanca.org/halal-certified-products/ https://ifanca.org/,Explore Halal Certified Products,2026-10-04
C13,institutions,general,weak,Aspiration. Product list supports access to products. Little on services for consumers.,https://ifanca.org/halal-certified-products/ https://ifanca.org/beyond-certification/,"IFANCA’s vision is to ensure everyone has access to the halal products and services that let them live a secure, satisfied life.",2026-10-04
C14,institutions,partner,weak,UNICEF and polio news and 3 programs exist. Programs are reachable only through the footer Sitemap page.,https://ifanca.org/news/ https://ifanca.org/beyond-certification/ https://ifanca.org/programs/unicef/,We strive to best serve humanity by promoting food and health security and nutrition equity through local and global partnerships,2026-10-04
C15,institutions,partner,weak,"Three program pages (Texas A&M, ACLU Illinois, UNICEF) of 31 to 89 words each, behind the footer Sitemap page.",https://ifanca.org/programs/texas-am-university/ https://ifanca.org/programs/aclu-illinois/ https://ifanca.org/programs/unicef/,empowering other established institutions,2026-10-04
C16,"institutions, education",general,weak,Magazine editorials and 2003 conference proceedings exist in the resources list. No page gathers these voices.,https://ifanca.org/resources/ https://ifanca.org/halal-consumer-magazine/,uplifting religious and scientific voices,2026-10-04
C17,institutions,partner,weak,"The homepage Explore Programs button links to #. Programs exist only through footer, Sitemap, Beyond Certification.",https://ifanca.org/ https://ifanca.org/sitemap/ https://ifanca.org/beyond-certification/,Explore Programs,2026-10-04
C18,certification,general,strong,"Certification process for industry and a searchable list of 11,642 products for consumers.",https://ifanca.org/certification-process/ https://ifanca.org/halal-certified-products/,IFANCA is a not-for-profit organization committed to helping consumers and industry source authentic halal products since 1982.,2026-10-04
C19,certification,consumer,weak,Same as C03. No mark explainer and no way to verify a certificate. The certificate lookup feature in the theme has 0 entries.,https://ifanca.org/halal-certified-products/ https://ifanca.org/certified-companies/,Our registered Crescent-M halal service mark assures consumers the product is halal without a doubt!,2026-10-04
C20,certification,industry,weak,"The figure differs across the site: 1.8 billion (About), 1.9 billion (Certification Process), 1.57 billion (Halal Explained, 2025).",https://ifanca.org/about/ https://ifanca.org/certification-process/ https://ifanca.org/resources/halal-explained-from-food-fundamentals-to-certi%ef%ac%81cation/,IFANCA halal certification means your products meet the dietary requirements of over 1.8 billion consumers.,2026-10-04
C21,"certification, education, institutions",general,weak,"Certification pillar is strong. Education and institutions pillars are thin or hard to reach (see C23, C38).",https://ifanca.org/certification-process/ https://ifanca.org/resources/ https://ifanca.org/beyond-certification/,"Promote halal by helping industries produce halal-certified products, increasing awareness through education, and building and supporting institutions.",2026-10-04
C22,"certification, education",general,weak,Accreditations and 26 FAQs support authority. Core consumer explainers are mostly dated 1998 to 2012.,https://ifanca.org/accreditations-and-recognitions/ https://ifanca.org/faqs/ https://ifanca.org/resources/,Continue to be the trusted authority on halal,2026-10-04
C23,education,consumer,weak,"1,115 resources, but about 26 are halal basics, the topic filter has only 2 topics, and FAQ is the only short explainer.",https://ifanca.org/resources/ https://ifanca.org/faqs/,We are a resource to everyone looking to learn about halal.,2026-10-04
C24,"certification, education, institutions",general,weak,A contact form invites questions and complaints. Nothing shows changes made in response.,https://ifanca.org/contact/,We are continually listening and evolving to overcome challenges and meet the needs of everyone we work with.,2026-10-04
C25,certification,industry,strong,Certification process pages and the product list back this directly.,https://ifanca.org/certification-process/ https://ifanca.org/certification-process-indonesia/ https://ifanca.org/halal-certified-products/,Our team empowers different organizations to produce halal products.,2026-10-04
C26,"certification, education",industry,weak,No training page. Dated news on a 2012 workshop only.,https://ifanca.org/news/,We train client teams in certification standards,2026-10-04
C27,certification,industry,none,No page describes R&D support. Only 2012 news items about conference talks.,https://ifanca.org/news/,assist R&D teams with scientific and religious guidance to develop new halal products,2026-10-04
C28,"certification, institutions",industry,weak,"Contact page links two affiliates (ifancc.org, hfce.eu). No affiliate or expert directory. Team page lists one person.",https://ifanca.org/contact/ https://ifanca.org/team/,solve problems using our network of affiliates and experts,2026-10-04
C29,certification,consumer,strong,"Product list, 24 company Spotlight articles, and a product locator section in each magazine issue.",https://ifanca.org/halal-certified-products/ https://ifanca.org/resources/ https://ifanca.org/halal-consumer-magazine/,We promote our clients’ halal-certified products to consumers,2026-10-04
C30,certification,consumer,weak,Product list is searchable but cards have no link or logo. Product pages and empty company profiles are search only.,https://ifanca.org/halal-certified-products/ https://ifanca.org/?s https://ifanca.org/certified-companies/,make it easy for everyone to find and use IFANCA-certified products in their lives.,2026-10-04
C31,education,consumer,weak,"Large library, but no starting point for a newcomer and no advocacy material.",https://ifanca.org/resources/ https://ifanca.org/faqs/,We invite everyone to learn about halal and become an advocate for increasing awareness.,2026-10-04
C32,education,consumer,weak,"75 issues browsable with PDFs. Only 2 issues listed in 2025 and 2 so far in 2026, so recent output is not quarterly.",https://ifanca.org/halal-consumer-magazine/,producing a quarterly Halal Consumer magazine,2026-10-04
C33,education,general,none,No list of articles written for outside publications.,,writing articles for various publications around the world,2026-10-04
C34,education,general,weak,2003 conference proceedings and a 2006 research center news item only. No research list.,https://ifanca.org/resources/ https://ifanca.org/news/,contributing to research papers and findings,2026-10-04
C35,education,industry,strong,"News has many items on talks and conferences, most from 2005 to 2016, plus a 2024 conference announcement.",https://ifanca.org/news/,Our leaders and experts share their knowledge at industry conferences,2026-10-04
C36,"education, institutions",general,weak,The Events page shows only placeholder items. Real events appear only as news posts.,https://ifanca.org/events/ https://ifanca.org/news/,we host events to promote halal,2026-10-04
C37,institutions,partner,weak,Texas A&M program and scholarship news exist. No grants page. Programs reachable only through the footer Sitemap page.,https://ifanca.org/programs/texas-am-university/ https://ifanca.org/news/,IFANCA also invests in sponsorships and grants for various university partnerships,2026-10-04
C38,"institutions, education",partner,weak,"Three programs, short pages, reached only through footer, Sitemap, Beyond Certification. Program archive shows 1 of 3.",https://ifanca.org/beyond-certification/ https://ifanca.org/programs/,supports different halal programs and events focused on awareness,2026-10-04
C39,certification,general,weak,"Same as C05. Accreditations support global reach, not leadership.",https://ifanca.org/accreditations-and-recognitions/,A Global Leader in Halal Services,2026-10-04
C40,institutions,partner,weak,Programs grid loads 3 programs. The page itself is reachable only through the footer Sitemap page.,https://ifanca.org/beyond-certification/ https://ifanca.org/sitemap/,Programs & Partnerships,2026-10-04
C41,institutions,partner,strong,Contact form and phone and email on every page.,https://ifanca.org/contact/,Want to collaborate with us? Get in touch with us,2026-10-04
C42,certification,consumer,weak,"Same as C03. Accreditations support global acceptance, but nothing explains or verifies the mark for a consumer.",https://ifanca.org/accreditations-and-recognitions/ https://ifanca.org/halal-certified-products/,Our globally accepted and trusted Crescent-M logo means one thing: “this is halal.”,2026-10-04
